date,avg_temperature
2014-01-01,24.88
2014-01-02,25.04
2014-01-03,20.21
2014-01-04,20.71
2014-01-05,24.25
2014-01-06,23.42
2014-01-07,13.29
2014-01-08,15.5
2014-01-10,24.79
2014-01-11,25.25
2014-01-12,23.25
2014-01-13,22.88
2014-01-14,24.42
2014-01-15,20.5
2014-01-16,15.25
2014-01-17,12.42
2014-01-18,15.83
2014-01-19,13.67
2014-01-20,17.88
2014-01-21,18.58
2014-01-22,15.88
2014-01-23,14.17
2014-01-24,17.83
2014-01-25,17.54
2014-01-26,19.79
2014-01-27,21.96
2014-01-28,22.38
2014-01-29,22.5
2014-01-30,17.25
2014-01-31,22.58
2014-02-01,24.58
2014-02-02,24.29
2014-02-03,25.12
2014-02-04,25.08
2014-02-05,25.67
2014-02-06,25.04
2014-02-07,22.88
2014-02-08,24.38
2014-02-09,22.96
2014-02-10,22.54
2014-02-11,24.33
2014-02-12,23.48
2014-02-13,21.17
2014-02-14,15.75
2014-02-15,19.25
2014-02-16,18.42
2014-02-17,20.62
2014-02-18,21.92
2014-02-19,23.12
2014-02-20,24.25
2014-02-21,25.5
2014-02-22,25.04
2014-02-23,24.83
2014-02-24,25.21
2014-02-25,24.96
2014-02-26,24.17
2014-02-27,23.58
2014-02-28,20.17
2014-03-01,20.83
2014-03-02,22.71
2014-03-03,23.33
2014-03-04,23.0
2014-03-05,24.75
2014-03-06,24.29
2014-03-07,23.0
2014-03-08,17.96
2014-03-09,20.83
2014-03-10,22.54
2014-03-11,22.92
2014-03-12,25.33
2014-03-13,22.71
2014-03-14,19.58
2014-03-15,22.0
2014-03-16,23.96
2014-03-17,25.79
2014-03-18,24.96
2014-03-19,23.5
2014-03-20,24.62
2014-03-21,22.08
2014-03-22,25.58
2014-03-23,25.96
2014-03-24,24.25
2014-03-25,21.25
2014-03-26,18.21
2014-03-27,20.79
2014-03-28,24.0
2014-03-29,25.58
2014-03-30,22.75
2014-03-31,21.04
2014-04-01,22.54
2014-04-02,22.83
2014-04-03,23.83
2014-04-04,24.71
2014-04-05,24.88
2014-04-06,24.96
2014-04-07,26.04
2014-04-08,26.83
2014-04-09,22.29
2014-04-10,22.21
2014-04-11,23.77
2014-04-12,24.83
2014-04-13,25.17
2014-04-14,25.96
2014-04-15,26.96
2014-04-16,25.5
2014-04-17,25.5
2014-04-18,26.0
2014-04-19,26.42
2014-04-20,22.21
2014-04-21,22.54
2014-04-22,23.83
2014-04-23,23.92
2014-04-24,24.58
2014-04-25,26.17
2014-04-26,26.29
2014-04-27,27.42
2014-04-28,27.67
2014-04-29,27.79
2014-04-30,27.83
2014-05-01,27.96
2014-05-02,28.0
2014-05-03,26.62
2014-05-04,25.17
2014-05-05,25.29
2014-05-06,25.67
2014-05-07,27.04
2014-05-08,27.67
2014-05-09,27.5
2014-05-10,27.25
2014-05-11,27.29
2014-05-12,27.46
2014-05-13,27.54
2014-05-15,25.54
2014-05-16,24.25
2014-05-17,24.08
2014-05-18,25.38
2014-05-19,25.79
2014-05-20,26.0
2014-05-21,26.0
2014-05-22,26.0
2014-05-23,26.54
2014-05-24,27.33
2014-05-25,27.33
2014-05-26,27.75
2014-05-27,27.71
2014-05-28,27.88
2014-05-29,27.04
2014-05-30,27.04
2014-05-31,27.88
2014-06-01,27.71
2014-06-02,26.04
2014-06-03,26.17
2014-06-04,25.58
2014-06-05,26.67
2014-06-06,27.75
2014-06-07,28.08
2014-06-08,25.92
2014-06-09,22.96
2014-06-10,25.08
2014-06-11,27.0
2014-06-12,27.0
2014-06-13,26.04
2014-06-14,26.5
2014-06-15,28.29
2014-06-16,28.5
2014-06-17,27.12
2014-06-18,25.29
2014-06-19,25.25
2014-06-20,24.33
2014-06-21,25.96
2014-06-22,25.92
2014-06-23,27.25
2014-06-24,28.0
2014-06-25,28.83
2014-06-26,28.38
2014-06-27,28.62
2014-06-28,28.54
2014-06-29,28.71
2014-06-30,26.48
2014-07-01,27.62
2014-07-02,27.88
2014-07-03,28.67
2014-07-04,28.96
2014-07-05,27.62
2014-07-06,28.0
2014-07-07,28.0
2014-07-08,27.83
2014-07-09,26.71
2014-07-10,26.88
2014-07-11,28.25
2014-07-12,29.12
2014-07-13,28.04
2014-07-14,28.75
2014-07-15,26.88
2014-07-16,27.71
2014-07-17,27.75
2014-07-18,28.42
2014-07-19,28.5
2014-07-20,28.83
2014-07-21,27.25
2014-07-22,28.17
2014-07-23,28.33
2014-07-24,28.67
2014-07-25,28.79
2014-07-26,28.75
2014-07-27,29.33
2014-07-28,30.5
2014-07-29,29.96
2014-07-30,28.46
2014-07-31,27.79
2014-08-01,28.54
2014-08-02,28.17
2014-08-03,27.67
2014-08-04,25.92
2014-08-05,27.5
2014-08-06,28.67
2014-08-07,29.17
2014-08-08,27.92
2014-08-09,29.83
2014-08-10,30.08
2014-08-11,29.04
2014-08-12,29.21
2014-08-13,28.92
2014-08-14,28.54
2014-08-15,26.79
2014-08-16,27.83
2014-08-17,28.88
2014-08-18,29.92
2014-08-19,29.79
2014-08-20,29.62
2014-08-21,29.92
2014-08-22,29.71
2014-08-23,29.42
2014-08-24,30.0
2014-08-25,28.83
2014-08-26,29.08
2014-08-27,29.38
2014-08-28,29.0
2014-08-29,30.17
2014-08-30,30.62
2014-08-31,30.08
2014-09-01,29.67
2014-09-02,29.08
2014-09-03,27.08
2014-09-04,27.71
2014-09-05,29.17
2014-09-06,28.75
2014-09-07,28.0
2014-09-08,28.58
2014-09-09,28.62
2014-09-10,26.33
2014-09-11,27.33
2014-09-12,25.65
2014-09-13,27.08
2014-09-14,26.96
2014-09-15,29.08
2014-09-16,28.58
2014-09-17,26.58
2014-09-18,27.5
2014-09-19,26.5
2014-09-20,26.42
2014-09-21,26.33
2014-09-22,27.79
2014-09-23,25.08
2014-09-24,26.62
2014-09-25,26.92
2014-09-26,27.67
2014-09-27,28.58
2014-09-28,28.46
2014-09-29,28.08
2014-09-30,27.71
2014-10-01,29.17
2014-10-02,29.08
2014-10-03,28.21
2014-10-04,28.25
2014-10-05,25.71
2014-10-06,26.04
2014-10-07,26.17
2014-10-08,26.96
2014-10-09,28.25
2014-10-10,27.92
2014-10-11,28.38
2014-10-12,28.0
2014-10-13,27.92
2014-10-14,28.46
2014-10-15,26.25
2014-10-16,26.04
2014-10-17,24.58
2014-10-18,24.67
2014-10-19,25.12
2014-10-20,25.5
2014-10-21,24.62
2014-10-22,25.17
2014-10-23,24.33
2014-10-24,25.04
2014-10-25,24.33
2014-10-26,24.12
2014-10-27,24.17
2014-10-28,25.58
2014-10-29,25.96
2014-10-30,25.5
2014-10-31,25.62
2014-11-01,21.25
2014-11-02,16.04
2014-11-03,19.46
2014-11-04,23.67
2014-11-05,24.5
2014-11-06,24.12
2014-11-07,23.96
2014-11-08,23.75
2014-11-09,22.12
2014-11-10,20.71
2014-11-11,21.58
2014-11-12,22.62
2014-11-13,24.0
2014-11-14,23.54
2014-11-15,22.54
2014-11-16,25.12
2014-11-17,26.62
2014-11-18,22.58
2014-11-19,13.96
2014-11-20,20.0
2014-11-21,16.08
2014-11-22,24.88
2014-11-23,26.17
2014-11-24,27.04
2014-11-25,26.79
2014-11-26,23.83
2014-11-27,17.26
2014-11-28,16.79
2014-11-29,17.67
2014-11-30,22.71
2014-12-01,24.38
2014-12-02,24.17
2014-12-03,24.08
2014-12-04,24.0
2014-12-05,23.38
2014-12-06,24.04
2014-12-07,22.58
2014-12-08,20.25
2014-12-09,18.08
2014-12-10,14.5
2014-12-11,15.0
2014-12-12,16.38
2014-12-13,17.92
2014-12-14,18.83
2014-12-15,19.12
2014-12-16,19.83
2014-12-17,20.42
2014-12-18,20.75
2014-12-19,20.46
2014-12-20,21.33
2014-12-21,22.12
2014-12-22,23.38
2014-12-23,24.29
2014-12-24,25.38
2014-12-25,22.67
2014-12-26,21.88
2014-12-27,23.29
2014-12-28,23.75
2014-12-29,24.29
2014-12-30,24.33
2014-12-31,23.0
2015-01-01,23.88
2015-01-02,24.83
2015-01-03,25.5
2015-01-04,25.62
2015-01-05,25.12
2015-01-06,24.67
2015-01-07,23.62
2015-01-08,18.33
2015-01-09,21.46
2015-01-10,19.78
2015-01-11,23.83
2015-01-12,24.67
2015-01-13,23.54
2015-01-14,18.83
2015-01-15,21.21
2015-01-16,20.04
2015-01-17,18.83
2015-01-18,21.58
2015-01-19,19.21
2015-01-20,21.0
2015-01-21,23.39
2015-01-22,23.54
2015-01-23,23.54
2015-01-24,22.67
2015-01-25,15.62
2015-01-26,17.5
2015-01-27,16.42
2015-01-28,16.08
2015-01-29,16.75
2015-01-30,19.33
2015-01-31,19.5
2015-02-01,20.96
2015-02-02,23.21
2015-02-03,19.62
2015-02-04,21.54
2015-02-05,22.5
2015-02-06,18.62
2015-02-07,20.17
2015-02-08,20.75
2015-02-09,20.75
2015-02-10,20.42
2015-02-11,17.08
2015-02-12,19.04
2015-02-13,18.08
2015-02-14,14.0
2015-02-15,15.96
2015-02-16,18.96
2015-02-17,22.46
2015-02-18,19.21
2015-02-19,12.75
2015-02-20,11.54
2015-02-21,19.58
2015-02-22,23.12
2015-02-23,24.08
2015-02-24,23.92
2015-02-25,22.71
2015-02-26,25.78
2015-02-27,23.0
2015-02-28,23.04
2015-03-01,24.79
2015-03-02,24.58
2015-03-03,24.38
2015-03-04,24.71
2015-03-05,25.5
2015-03-06,25.04
2015-03-07,22.96
2015-03-08,23.26
2015-03-09,24.58
2015-03-10,25.58
2015-03-11,26.33
2015-03-12,25.92
2015-03-13,25.5
2015-03-14,25.83
2015-03-15,25.04
2015-03-16,24.96
2015-03-17,25.21
2015-03-18,23.71
2015-03-19,24.58
2015-03-20,24.79
2015-03-21,24.79
2015-03-22,25.42
2015-03-23,25.5
2015-03-24,25.25
2015-03-25,24.3
2015-03-26,26.33
2015-03-27,26.79
2015-03-28,20.29
2015-03-29,19.54
2015-03-30,20.38
2015-03-31,21.83
2015-04-01,23.12
2015-04-02,23.79
2015-04-03,24.88
2015-04-04,25.21
2015-04-05,25.04
2015-04-06,25.58
2015-04-07,25.71
2015-04-08,25.58
2015-04-09,25.83
2015-04-10,26.58
2015-04-11,26.96
2015-04-12,26.58
2015-04-13,26.88
2015-04-14,27.12
2015-04-15,27.17
2015-04-16,27.33
2015-04-17,27.46
2015-04-18,27.79
2015-04-19,27.88
2015-04-20,28.33
2015-04-21,25.12
2015-04-22,26.42
2015-04-23,26.54
2015-04-24,26.71
2015-04-25,27.83
2015-04-26,29.46
2015-04-27,28.62
2015-04-28,27.54
2015-04-29,23.79
2015-04-30,24.88
2015-05-01,24.33
2015-05-02,24.42
2015-05-03,24.71
2015-05-04,24.5
2015-05-05,23.79
2015-05-06,24.29
2015-05-07,25.25
2015-05-08,26.12
2015-05-09,26.38
2015-05-10,27.75
2015-05-11,28.12
2015-05-12,27.54
2015-05-13,27.58
2015-05-14,28.04
2015-05-15,27.67
2015-05-16,27.71
2015-05-17,27.62
2015-05-18,27.46
2015-05-19,27.46
2015-05-20,27.46
2015-05-21,28.0
2015-05-22,27.58
2015-05-23,27.5
2015-05-24,28.25
2015-05-25,28.42
2015-05-26,28.46
2015-05-27,28.0
2015-05-28,26.88
2015-05-29,27.08
2015-05-30,27.58
2015-05-31,27.08
2015-06-01,27.42
2015-06-02,27.08
2015-06-03,26.0
2015-06-04,26.46
2015-06-05,27.38
2015-06-06,26.75
2015-06-07,26.25
2015-06-08,27.5
2015-06-09,26.75
2015-06-10,27.42
2015-06-11,26.75
2015-06-12,29.42
2015-06-13,29.04
2015-06-14,28.38
2015-06-15,28.17
2015-06-16,29.0
2015-06-17,29.67
2015-06-18,29.58
2015-06-19,29.75
2015-06-20,29.17
2015-06-21,29.82
2015-06-22,29.62
2015-06-23,29.79
2015-06-24,30.08
2015-06-25,29.75
2015-06-26,27.83
2015-06-27,28.38
2015-06-28,27.79
2015-06-29,28.04
2015-06-30,29.08
2015-07-01,29.83
2015-07-02,29.92
2015-07-03,29.25
2015-07-04,28.62
2015-07-05,30.0
2015-07-06,27.88
2015-07-07,29.54
2015-07-08,29.62
2015-07-09,29.38
2015-07-10,29.38
2015-07-11,29.5
2015-07-12,29.21
2015-07-13,29.04
2015-07-14,28.42
2015-07-15,27.46
2015-07-16,27.38
2015-07-17,28.08
2015-07-18,28.29
2015-07-19,29.12
2015-07-20,29.29
2015-07-21,28.83
2015-07-22,28.04
2015-07-23,28.88
2015-07-24,29.5
2015-07-25,27.04
2015-07-26,26.58
2015-07-27,28.88
2015-07-28,29.88
2015-07-29,29.67
2015-07-30,29.92
2015-07-31,28.29
2015-08-01,27.79
2015-08-02,29.21
2015-08-03,27.88
2015-08-04,28.96
2015-08-05,29.88
2015-08-06,30.0
2015-08-07,29.79
2015-08-08,28.88
2015-08-09,28.88
2015-08-10,27.71
2015-08-11,28.33
2015-08-12,28.78
2015-08-13,29.38
2015-08-14,28.08
2015-08-15,27.71
2015-08-16,28.83
2015-08-17,29.92
2015-08-18,29.75
2015-08-19,30.0
2015-08-20,30.04
2015-08-21,29.62
2015-08-22,29.33
2015-08-23,28.71
2015-08-24,29.59
2015-08-25,29.83
2015-08-26,28.17
2015-08-27,26.71
2015-08-28,29.25
2015-08-29,29.83
2015-08-30,25.88
2015-08-31,28.96
2015-09-01,29.5
2015-09-02,29.54
2015-09-03,29.25
2015-09-04,28.29
2015-09-05,27.46
2015-09-06,26.65
2015-09-07,26.25
2015-09-08,28.91
2015-09-09,29.54
2015-09-10,29.58
2015-09-11,29.71
2015-09-12,29.62
2015-09-13,29.42
2015-09-14,28.88
2015-09-15,29.58
2015-09-16,26.75
2015-09-17,25.71
2015-09-18,26.12
2015-09-19,28.21
2015-09-20,27.88
2015-09-21,27.25
2015-09-22,25.46
2015-09-23,26.32
2015-09-24,26.71
2015-09-25,27.54
2015-09-26,27.71
2015-09-27,27.92
2015-09-28,27.54
2015-09-29,27.67
2015-09-30,28.62
2015-10-01,29.12
2015-10-02,28.46
2015-10-03,27.89
2015-10-04,26.25
2015-10-05,25.83
2015-10-06,26.21
2015-10-07,26.12
2015-10-08,26.38
2015-10-09,27.35
2015-10-10,28.0
2015-10-11,27.08
2015-10-12,26.67
2015-10-13,26.21
2015-10-14,26.33
2015-10-15,27.38
2015-10-16,27.08
2015-10-17,25.92
2015-10-18,25.79
2015-10-19,24.62
2015-10-20,25.92
2015-10-21,26.88
2015-10-22,26.17
2015-10-23,25.67
2015-10-24,25.83
2015-10-25,25.88
2015-10-26,25.92
2015-10-27,26.67
2015-10-28,26.0
2015-10-29,26.62
2015-10-30,26.75
2015-10-31,26.38
2015-11-01,27.21
2015-11-02,27.42
2015-11-03,27.25
2015-11-04,27.5
2015-11-05,27.42
2015-11-06,27.0
2015-11-07,27.25
2015-11-08,27.71
2015-11-09,27.67
2015-11-10,27.04
2015-11-11,26.83
2015-11-12,26.75
2015-11-13,27.29
2015-11-14,24.29
2015-11-15,23.88
2015-11-16,24.75
2015-11-17,25.38
2015-11-18,26.92
2015-11-19,26.79
2015-11-20,25.75
2015-11-21,25.12
2015-11-22,23.67
2015-11-23,22.21
2015-11-24,20.75
2015-11-25,23.25
2015-11-26,23.79
2015-11-27,24.38
2015-11-28,23.88
2015-11-29,22.88
2015-11-30,23.58
2015-12-01,23.54
2015-12-02,25.75
2015-12-03,25.08
2015-12-04,21.92
2015-12-05,23.12
2015-12-06,25.04
2015-12-07,23.5
2015-12-08,20.17
2015-12-09,23.5
2015-12-10,24.04
2015-12-11,24.38
2015-12-12,24.54
2015-12-13,25.33
2015-12-14,25.42
2015-12-15,25.29
2015-12-16,25.17
2015-12-17,25.79
2015-12-18,25.96
2015-12-19,21.71
2015-12-20,22.83
2015-12-21,24.83
2015-12-22,25.42
2015-12-23,26.04
2015-12-24,26.58
2015-12-25,26.58
2015-12-26,25.79
2015-12-27,25.92
2015-12-28,26.21
2015-12-29,26.54
2015-12-30,26.25
2015-12-31,26.17
2016-01-01,25.71
2016-01-02,24.88
2016-01-03,22.62
2016-01-04,18.79
2016-01-05,18.62
2016-01-06,20.83
2016-01-07,19.92
2016-01-08,22.04
2016-01-09,23.38
2016-01-10,23.58
2016-01-11,19.17
2016-01-12,16.54
2016-01-13,18.29
2016-01-14,19.17
2016-01-15,21.17
2016-01-16,16.29
2016-01-17,23.21
2016-01-18,15.92
2016-01-19,15.0
2016-01-20,15.38
2016-01-21,18.62
2016-01-22,20.29
2016-01-23,17.33
2016-01-24,12.04
2016-01-25,14.79
2016-01-26,22.21
2016-01-27,24.42
2016-01-28,20.5
2016-01-29,17.79
2016-01-30,16.42
2016-01-31,20.04
2016-02-01,21.88
2016-02-02,23.54
2016-02-03,24.75
2016-02-04,24.33
2016-02-05,19.46
2016-02-06,19.91
2016-02-07,15.25
2016-02-08,14.04
2016-02-09,17.04
2016-02-10,15.54
2016-02-11,14.38
2016-02-12,17.67
2016-02-13,18.62
2016-02-14,19.29
2016-02-15,21.38
2016-02-16,22.62
2016-02-17,21.17
2016-02-18,20.04
2016-02-19,21.29
2016-02-20,21.75
2016-02-21,22.29
2016-02-22,23.33
2016-02-23,23.83
2016-02-24,25.58
2016-02-25,19.58
2016-02-26,17.29
2016-02-27,15.83
2016-02-28,18.71
2016-02-29,20.58
2016-03-01,21.08
2016-03-02,22.88
2016-03-03,23.46
2016-03-04,24.46
2016-03-05,22.33
2016-03-06,22.5
2016-03-07,21.62
2016-03-08,23.12
2016-03-09,23.83
2016-03-10,24.38
2016-03-11,24.25
2016-03-12,24.62
2016-03-13,24.62
2016-03-14,25.12
2016-03-15,25.38
2016-03-16,25.29
2016-03-17,24.92
2016-03-18,25.5
2016-03-19,26.42
2016-03-20,25.29
2016-03-21,19.62
2016-03-22,18.12
2016-03-23,23.17
2016-03-24,24.79
2016-03-25,26.04
2016-03-26,25.17
2016-03-27,26.0
2016-03-28,26.96
2016-03-29,25.96
2016-03-30,23.17
2016-03-31,25.92
2016-04-01,27.08
2016-04-02,27.83
2016-04-03,25.25
2016-04-04,23.33
2016-04-05,23.67
2016-04-06,22.92
2016-04-07,24.71
2016-04-08,24.12
2016-04-09,23.04
2016-04-10,22.29
2016-04-11,24.25
2016-04-12,24.21
2016-04-13,24.83
2016-04-14,25.17
2016-04-15,25.08
2016-04-16,23.71
2016-04-17,23.96
2016-04-18,23.0
2016-04-19,23.25
2016-04-20,23.71
2016-04-21,24.38
2016-04-22,25.17
2016-04-23,26.29
2016-04-24,25.0
2016-04-25,25.46
2016-04-26,24.88
2016-04-27,25.04
2016-04-28,26.08
2016-04-29,26.5
2016-04-30,26.08
2016-05-01,26.92
2016-05-02,27.38
2016-05-03,26.96
2016-05-04,23.21
2016-05-05,23.79
2016-05-06,23.92
2016-05-07,22.12
2016-05-08,23.67
2016-05-09,24.67
2016-05-10,26.12
2016-05-11,26.46
2016-05-12,26.0
2016-05-13,26.04
2016-05-14,27.25
2016-05-15,27.08
2016-05-16,27.62
2016-05-17,28.04
2016-05-18,26.75
2016-05-19,25.88
2016-05-20,26.77
2016-05-21,27.42
2016-05-22,28.04
2016-05-23,27.42
2016-05-24,26.83
2016-05-25,26.88
2016-05-26,26.25
2016-05-27,26.54
2016-05-28,26.62
2016-05-29,27.54
2016-05-30,26.79
2016-05-31,26.12
2016-06-01,27.08
2016-06-02,28.17
2016-06-03,28.71
2016-06-04,28.62
2016-06-05,28.67
2016-06-06,29.46
2016-06-07,29.12
2016-06-08,27.38
2016-06-09,26.96
2016-06-10,26.5
2016-06-11,27.17
2016-06-12,27.29
2016-06-13,28.21
2016-06-14,28.88
2016-06-15,29.12
2016-06-16,29.12
2016-06-17,28.38
2016-06-18,27.38
2016-06-19,26.42
2016-06-20,27.83
2016-06-21,26.21
2016-06-22,27.38
2016-06-23,29.12
2016-06-24,29.21
2016-06-25,29.54
2016-06-26,29.46
2016-06-27,27.83
2016-06-28,27.54
2016-06-29,28.71
2016-06-30,27.75
2016-07-01,26.12
2016-07-02,28.0
2016-07-03,29.12
2016-07-04,29.96
2016-07-05,29.62
2016-07-06,30.08
2016-07-07,29.88
2016-07-08,29.75
2016-07-09,29.96
2016-07-10,30.0
2016-07-11,30.12
2016-07-12,30.21
2016-07-13,28.5
2016-07-14,28.92
2016-07-15,29.46
2016-07-16,28.21
2016-07-17,29.71
2016-07-18,29.38
2016-07-19,29.96
2016-07-20,29.96
2016-07-21,28.29
2016-07-22,28.12
2016-07-23,27.33
2016-07-24,26.96
2016-07-25,29.12
2016-07-26,30.04
2016-07-27,28.88
2016-07-28,29.79
2016-07-29,29.46
2016-07-30,29.67
2016-07-31,29.38
2016-08-01,30.08
2016-08-02,25.54
2016-08-03,27.5
2016-08-04,28.96
2016-08-05,29.58
2016-08-06,27.38
2016-08-07,27.67
2016-08-08,26.79
2016-08-09,27.71
2016-08-10,27.75
2016-08-11,28.29
2016-08-12,28.58
2016-08-13,29.21
2016-08-14,28.21
2016-08-15,29.46
2016-08-16,29.17
2016-08-17,28.21
2016-08-18,29.25
2016-08-19,28.62
2016-08-20,29.29
2016-08-21,30.17
2016-08-22,30.33
2016-08-23,30.38
2016-08-24,29.33
2016-08-25,29.79
2016-08-26,29.29
2016-08-27,29.04
2016-08-28,29.29
2016-08-29,26.87
2016-08-30,25.0
2016-08-31,27.42
2016-09-01,27.46
2016-09-02,29.88
2016-09-03,28.75
2016-09-04,29.0
2016-09-05,28.39
2016-09-06,26.62
2016-09-07,27.25
2016-09-08,28.46
2016-09-09,28.88
2016-09-10,28.38
2016-09-11,27.96
2016-09-12,28.88
2016-09-13,28.04
2016-09-14,28.75
2016-09-15,28.54
2016-09-16,29.08
2016-09-17,29.29
2016-09-18,29.5
2016-09-19,28.04
2016-09-20,27.96
2016-09-21,28.12
2016-09-22,27.12
2016-09-23,27.33
2016-09-24,25.62
2016-09-25,26.79
2016-09-26,27.5
2016-09-27,25.58
2016-09-28,26.54
2016-09-29,28.42
2016-09-30,28.5
2016-10-01,27.17
2016-10-02,28.92
2016-10-03,28.88
2016-10-04,28.29
2016-10-05,29.17
2016-10-06,28.42
2016-10-07,28.62
2016-10-08,29.29
2016-10-09,28.75
2016-10-10,26.5
2016-10-11,27.75
2016-10-12,27.0
2016-10-13,27.67
2016-10-14,28.08
2016-10-15,27.83
2016-10-16,26.58
2016-10-17,27.92
2016-10-18,26.75
2016-10-19,27.46
2016-10-20,25.46
2016-10-21,25.62
2016-10-22,25.0
2016-10-23,23.5
2016-10-24,25.5
2016-10-25,25.0
2016-10-26,26.46
2016-10-27,22.88
2016-10-28,25.17
2016-10-29,25.75
2016-10-30,26.0
2016-10-31,26.12
2016-11-01,25.29
2016-11-02,26.21
2016-11-03,24.25
2016-11-04,23.96
2016-11-05,22.88
2016-11-06,23.33
2016-11-07,24.33
2016-11-08,24.17
2016-11-09,24.08
2016-11-10,23.75
2016-11-11,23.79
2016-11-12,23.04
2016-11-13,23.42
2016-11-14,23.42
2016-11-15,23.38
2016-11-16,21.92
2016-11-17,21.79
2016-11-18,23.67
2016-11-19,22.88
2016-11-20,21.21
2016-11-21,19.38
2016-11-22,20.38
2016-11-23,23.21
2016-11-24,24.79
2016-11-25,24.54
2016-11-26,23.67
2016-11-27,22.21
2016-11-28,23.75
2016-11-29,24.78
2016-11-30,25.0
2016-12-01,25.38
2016-12-02,24.62
2016-12-03,24.25
2016-12-04,24.5
2016-12-05,25.25
2016-12-06,26.33
2016-12-07,26.0
2016-12-08,24.92
2016-12-09,22.29
2016-12-10,17.62
2016-12-11,22.46
2016-12-12,24.08
2016-12-13,24.48
2016-12-14,26.04
2016-12-15,24.21
2016-12-16,24.04
2016-12-17,26.12
2016-12-18,27.12
2016-12-19,27.33
2016-12-20,26.04
2016-12-21,23.75
2016-12-22,22.38
2016-12-23,24.5
2016-12-24,26.12
2016-12-25,26.04
2016-12-26,26.33
2016-12-27,25.83
2016-12-28,24.79
2016-12-29,24.38
2016-12-30,20.42
2016-12-31,18.79
2017-01-01,24.75
2017-01-02,26.75
2017-01-03,26.33
2017-01-04,23.62
2017-01-05,23.42
2017-01-06,21.67
2017-01-07,24.12
2017-01-08,14.92
2017-01-09,16.0
2017-01-10,20.96
2017-01-11,22.38
2017-01-12,23.96
2017-01-13,24.35
2017-01-14,23.46
2017-01-15,24.25
2017-01-16,24.88
2017-01-17,24.42
2017-01-18,23.79
2017-01-19,23.04
2017-01-20,23.25
2017-01-21,23.29
2017-01-22,26.04
2017-01-23,24.78
2017-01-24,21.46
2017-01-25,20.88
2017-01-26,23.21
2017-01-27,23.88
2017-01-28,19.62
2017-01-29,14.88
2017-01-30,16.54
2017-01-31,17.75
2017-02-01,20.62
2017-02-02,21.71
2017-02-03,22.88
2017-02-04,22.58
2017-02-05,22.88
2017-02-06,22.83
2017-02-07,24.21
2017-02-08,24.62
2017-02-09,22.92
2017-02-10,21.92
2017-02-11,21.96
2017-02-12,21.79
2017-02-13,21.65
2017-02-14,22.29
2017-02-15,23.04
2017-02-16,22.62
2017-02-17,18.92
2017-02-18,21.38
2017-02-19,24.08
2017-02-20,22.17
2017-02-21,21.25
2017-02-22,18.62
2017-02-23,20.67
2017-02-24,21.54
2017-02-25,17.04
2017-02-26,23.17
2017-02-27,25.04
2017-02-28,25.38
2017-03-01,24.96
2017-03-02,24.58
2017-03-03,23.17
2017-03-04,22.54
2017-03-05,21.88
2017-03-06,21.96
2017-03-07,22.46
2017-03-08,23.17
2017-03-09,23.04
2017-03-10,23.38
2017-03-11,23.42
2017-03-12,23.88
2017-03-13,23.21
2017-03-14,22.83
2017-03-15,17.42
2017-03-16,16.42
2017-03-17,18.25
2017-03-18,20.88
2017-03-19,21.38
2017-03-20,21.08
2017-03-21,21.71
2017-03-22,22.21
2017-03-23,23.04
2017-03-24,22.83
2017-03-25,23.33
2017-03-26,23.79
2017-03-27,23.58
2017-03-28,23.5
2017-03-29,25.12
2017-03-30,24.92
2017-03-31,25.92
2017-04-01,26.75
2017-04-02,26.62
2017-04-03,26.75
2017-04-04,26.83
2017-04-05,26.62
2017-04-06,27.96
2017-04-07,21.38
2017-04-08,20.12
2017-04-09,22.71
2017-04-10,23.62
2017-04-11,23.62
2017-04-12,24.29
2017-04-13,24.38
2017-04-14,24.62
2017-04-15,25.29
2017-04-16,24.88
2017-04-17,24.88
2017-04-18,25.46
2017-04-19,25.42
2017-04-20,24.79
2017-04-21,24.75
2017-04-22,25.25
2017-04-23,24.04
2017-04-24,21.0
2017-04-25,24.33
2017-04-26,24.38
2017-04-27,27.88
2017-04-28,28.25
2017-04-29,27.96
2017-04-30,27.58
2017-05-01,27.5
2017-05-02,27.58
2017-05-03,26.21
2017-05-04,28.08
2017-05-05,26.71
2017-05-06,23.33
2017-05-07,23.38
2017-05-08,24.83
2017-05-09,26.17
2017-05-10,26.75
2017-05-11,26.79
2017-05-12,27.08
2017-05-13,28.17
2017-05-14,26.83
2017-05-15,27.25
2017-05-16,28.21
2017-05-17,28.62
2017-05-18,27.83
2017-05-19,28.12
2017-05-20,28.62
2017-05-21,28.21
2017-05-22,28.0
2017-05-23,28.17
2017-05-24,29.46
2017-05-25,27.29
2017-05-26,28.88
2017-05-27,30.0
2017-05-28,30.12
2017-05-29,29.29
2017-05-30,29.67
2017-05-31,29.92
2017-06-01,29.46
2017-06-02,25.92
2017-06-03,26.25
2017-06-04,25.79
2017-06-05,28.38
2017-06-06,24.65
2017-06-07,24.79
2017-06-08,26.88
2017-06-09,26.96
2017-06-10,27.67
2017-06-11,29.42
2017-06-12,29.0
2017-06-13,29.04
2017-06-14,28.04
2017-06-15,28.21
2017-06-16,26.75
2017-06-17,28.04
2017-06-18,28.29
2017-06-19,26.27
2017-06-20,29.54
2017-06-21,29.71
2017-06-22,29.5
2017-06-23,29.75
2017-06-24,29.83
2017-06-25,29.96
2017-06-26,29.96
2017-06-27,28.88
2017-06-28,28.83
2017-06-29,29.12
2017-06-30,29.75
2017-07-01,30.42
2017-07-02,30.25
2017-07-03,30.25
2017-07-04,29.96
2017-07-05,30.25
2017-07-06,30.54
2017-07-07,30.25
2017-07-08,29.75
2017-07-09,30.21
2017-07-10,29.35
2017-07-11,28.79
2017-07-12,27.88
2017-07-13,28.0
2017-07-14,30.21
2017-07-15,30.17
2017-07-16,29.12
2017-07-17,29.54
2017-07-18,28.0
2017-07-19,28.62
2017-07-20,29.21
2017-07-21,27.79
2017-07-22,28.92
2017-07-23,29.92
2017-07-24,30.29
2017-07-25,30.12
2017-07-26,30.25
2017-07-27,30.38
2017-07-28,29.96
2017-07-29,29.25
2017-07-30,29.58
2017-07-31,26.71
2017-08-01,27.29
2017-08-02,28.17
2017-08-03,30.75
2017-08-04,30.83
2017-08-05,30.92
2017-08-06,30.71
2017-08-07,30.42
2017-08-08,30.62
2017-08-09,30.92
2017-08-10,27.33
2017-08-11,28.62
2017-08-12,29.33
2017-08-13,30.38
2017-08-14,30.33
2017-08-15,30.29
2017-08-16,30.75
2017-08-17,31.12
2017-08-18,31.17
2017-08-19,30.54
2017-08-20,28.92
2017-08-21,30.67
2017-08-22,30.12
2017-08-23,27.83
2017-08-24,26.96
2017-08-25,26.0
2017-08-26,24.92
2017-08-27,26.96
2017-08-28,28.83
2017-08-29,29.71
2017-08-30,30.54
2017-08-31,31.0
2017-09-01,30.83
2017-09-02,27.04
2017-09-03,29.54
2017-09-04,29.29
2017-09-05,30.04
2017-09-06,29.67
2017-09-07,30.42
2017-09-08,31.17
2017-09-09,29.29
2017-09-10,739.64
2017-09-11,31.67
2017-09-12,29.58
2017-09-13,29.12
2017-09-14,29.5
2017-09-15,29.33
2017-09-16,30.04
2017-09-17,29.58
2017-09-18,29.08
2017-09-19,29.58
2017-09-20,29.38
2017-09-21,27.88
2017-09-22,27.54
2017-09-23,28.21
2017-09-24,29.12
2017-09-25,29.33
2017-09-26,28.08
2017-09-27,28.38
2017-09-28,28.58
2017-09-29,27.04
2017-09-30,28.12
2017-10-01,29.5
2017-10-02,27.92
2017-10-03,28.48
2017-10-04,26.96
2017-10-05,25.46
2017-10-06,28.96
2017-10-07,29.38
2017-10-08,29.46
2017-10-09,29.0
2017-10-10,29.33
2017-10-11,28.54
2017-10-12,27.46
2017-10-13,28.0
2017-10-14,28.75
2017-10-15,28.54
2017-10-16,28.04
2017-10-17,28.0
2017-10-18,28.0
2017-10-19,27.67
2017-10-20,28.21
2017-10-21,27.96
2017-10-22,28.75
2017-10-23,28.58
2017-10-24,27.12
2017-10-25,23.46
2017-10-26,20.88
2017-10-27,23.54
2017-10-28,24.04
2017-10-29,23.75
2017-10-30,18.33
2017-10-31,20.5
2017-11-01,23.79
2017-11-02,24.92
2017-11-03,25.21
2017-11-04,25.17
2017-11-05,25.21
2017-11-06,25.88
2017-11-07,25.92
2017-11-08,26.04
2017-11-09,26.58
2017-11-10,26.83
2017-11-11,26.17
2017-11-12,27.08
2017-11-13,25.17
2017-11-14,26.5
2017-11-15,23.12
2017-11-16,23.88
2017-11-17,23.29
2017-11-18,24.04
2017-11-19,23.96
2017-11-20,23.62
2017-11-21,24.83
2017-11-22,25.33
2017-11-23,25.21
2017-11-24,24.33
2017-11-25,22.21
2017-11-26,23.17
2017-11-27,22.96
2017-11-28,25.33
2017-11-29,25.38
2017-11-30,25.54
2017-12-01,24.42
2017-12-02,24.38
2017-12-03,24.12
2017-12-04,23.58
2017-12-05,25.12
2017-12-06,24.96
2017-12-07,24.88
2017-12-08,26.12
2017-12-09,22.42
2017-12-10,14.42
2017-12-11,14.62
2017-12-12,16.08
2017-12-13,16.46
2017-12-14,15.58
2017-12-15,18.79
2017-12-16,21.38
2017-12-17,23.67
2017-12-18,24.58
2017-12-19,24.25
2017-12-20,23.42
2017-12-21,23.92
2017-12-22,24.12
2017-12-23,24.21
2017-12-24,23.04
2017-12-25,23.0
2017-12-26,23.71
2017-12-27,24.42
2017-12-28,23.83
2017-12-29,21.17
2017-12-30,15.67
2017-12-31,17.92
2018-01-01,21.12
2018-01-02,16.54
2018-01-03,14.43
2018-01-04,11.46
2018-01-05,12.17
2018-01-06,14.58
2018-01-07,16.42
2018-01-08,21.33
2018-01-09,22.58
2018-01-10,22.42
2018-01-11,23.71
2018-01-12,24.58
2018-01-13,22.38
2018-01-14,16.42
2018-01-15,17.17
2018-01-16,20.17
2018-01-17,19.75
2018-01-18,13.38
2018-01-19,14.46
2018-01-20,19.83
2018-01-21,23.17
2018-01-22,24.0
2018-01-23,25.0
2018-01-24,24.12
2018-01-25,21.83
2018-01-26,22.79
2018-01-27,23.58
2018-01-28,24.38
2018-01-29,25.17
2018-01-30,19.67
2018-01-31,17.0
2018-02-01,20.71
2018-02-02,22.33
2018-02-03,21.67
2018-02-04,23.42
2018-02-05,23.96
2018-02-06,23.67
2018-02-07,24.5
2018-02-08,25.0
2018-02-09,25.0
2018-02-10,24.96
2018-02-11,25.5
2018-02-12,25.79
2018-02-13,25.62
2018-02-14,25.25
2018-02-15,24.08
2018-02-16,23.21
2018-02-17,23.79
2018-02-18,24.42
2018-02-19,24.46
2018-02-20,25.96
2018-02-21,25.38
2018-02-22,24.92
2018-02-23,24.88
2018-02-24,24.38
2018-02-25,24.71
2018-02-26,24.38
2018-02-27,24.08
2018-02-28,24.17
2018-03-01,24.17
2018-03-02,22.29
2018-03-03,22.21
2018-03-04,19.58
2018-03-05,18.96
2018-03-06,20.21
2018-03-07,21.83
2018-03-08,18.88
2018-03-09,16.12
2018-03-10,19.71
2018-03-11,24.46
2018-03-12,23.42
2018-03-13,17.0
2018-03-14,17.46
2018-03-15,17.12
2018-03-16,19.17
2018-03-17,21.46
2018-03-18,23.21
2018-03-19,24.58
2018-03-20,25.79
2018-03-21,23.96
2018-03-22,17.75
2018-03-23,18.08
2018-03-24,20.42
2018-03-25,22.12
2018-03-26,23.57
2018-03-27,23.0
2018-03-28,22.54
2018-03-29,23.5
2018-03-30,24.0
2018-03-31,24.04
2018-04-01,24.75
2018-04-02,24.12
2018-04-03,24.58
2018-04-04,24.58
2018-04-05,23.62
2018-04-06,24.29
2018-04-07,25.62
2018-04-08,25.29
2018-04-09,26.54
2018-04-10,27.0
2018-04-11,25.09
2018-04-12,23.71
2018-04-13,24.62
2018-04-14,25.67
2018-04-15,27.12
2018-04-16,23.04
2018-04-17,20.38
2018-04-18,22.62
2018-04-19,23.96
2018-04-20,24.67
2018-04-21,25.46
2018-04-22,25.79
2018-04-23,25.04
2018-04-24,26.5
2018-04-25,24.67
2018-04-26,23.33
2018-04-27,23.54
2018-04-28,24.08
2018-04-29,24.62
2018-04-30,25.62
2018-05-01,25.17
2018-05-02,24.92
2018-05-03,25.58
2018-05-04,25.67
2018-05-05,25.5
2018-05-06,26.38
2018-05-07,25.96
2018-05-08,26.38
2018-05-09,26.1
2018-05-10,25.68
2018-05-11,26.25
2018-05-12,25.5
2018-05-13,23.79
2018-05-14,24.54
2018-05-15,25.54
2018-05-16,24.79
2018-05-17,25.08
2018-05-18,25.42
2018-05-19,24.0
2018-05-20,20.21
2018-05-21,25.38
2018-05-22,26.25
2018-05-23,26.71
2018-05-24,26.62
2018-05-25,25.25
2018-05-26,23.79
2018-05-27,23.21
2018-05-28,25.42
2018-05-29,25.46
2018-05-30,27.5
2018-05-31,26.46
2018-06-01,26.83
2018-06-02,27.25
2018-06-03,28.29
2018-06-04,28.92
2018-06-05,29.0
2018-06-06,28.83
2018-06-07,25.38
2018-06-08,27.04
2018-06-09,26.32
2018-06-10,26.83
2018-06-11,26.46
2018-06-12,26.7
2018-06-13,27.54
2018-06-14,25.21
2018-06-15,26.5
2018-06-16,27.17
2018-06-17,28.33
2018-06-18,28.21
2018-06-19,28.5
2018-06-20,28.0
2018-06-21,28.75
2018-06-22,28.79
2018-06-23,28.04
2018-06-24,27.54
2018-06-25,28.33
2018-06-26,28.83
2018-06-27,28.33
2018-06-28,27.17
2018-06-29,26.54
2018-06-30,27.21
2018-07-01,28.42
2018-07-02,29.29
2018-07-03,28.42
2018-07-04,27.33
2018-07-05,27.33
2018-07-06,28.25
2018-07-07,28.42
2018-07-08,28.79
2018-07-09,29.62
2018-07-10,28.33
2018-07-11,26.58
2018-07-12,27.46
2018-07-13,27.58
2018-07-14,28.58
2018-07-15,28.67
2018-07-16,29.08
2018-07-17,29.25
2018-07-18,29.08
2018-07-19,29.21
2018-07-20,28.83
2018-07-21,29.79
2018-07-22,29.83
2018-07-23,28.42
2018-07-24,27.08
2018-07-25,28.62
2018-07-26,29.42
2018-07-27,28.04
2018-07-28,28.29
2018-07-29,27.17
2018-07-30,26.58
2018-07-31,28.21
2018-08-01,28.29
2018-08-02,28.67
2018-08-03,28.75
2018-08-04,28.71
2018-08-05,29.25
2018-08-06,28.92
2018-08-07,28.92
2018-08-08,29.38
2018-08-09,28.75
2018-08-10,27.79
2018-08-11,24.75
2018-08-12,26.04
2018-08-13,27.84
2018-08-14,28.92
2018-08-15,29.54
2018-08-16,29.62
2018-08-17,29.5
2018-08-18,29.0
2018-08-19,27.67
2018-08-20,28.54
2018-08-21,29.0
2018-08-22,28.62
2018-08-23,28.71
2018-08-24,28.21
2018-08-25,27.17
2018-08-26,27.58
2018-08-27,28.75
2018-08-28,27.42
2018-08-29,28.08
2018-08-30,27.67
2018-08-31,28.29
2018-09-01,28.17
2018-09-02,26.62
2018-09-03,22.42
2018-09-04,28.04
2018-09-05,28.75
2018-09-06,28.21
2018-09-07,26.17
2018-09-08,26.12
2018-09-09,27.08
2018-09-10,27.5
2018-09-11,28.46
2018-09-12,28.96
2018-09-13,28.96
2018-09-14,28.5
2018-09-15,27.71
2018-09-16,28.83
2018-09-17,29.38
2018-09-18,29.08
2018-09-19,29.0
2018-09-20,28.88
2018-09-21,28.71
2018-09-22,28.33
2018-09-23,28.92
2018-09-24,29.08
2018-09-25,28.83
2018-09-26,29.42
2018-09-27,29.33
2018-09-28,29.25
2018-09-29,28.71
2018-09-30,29.21
2018-10-01,28.25
2018-10-02,28.08
2018-10-03,28.0
2018-10-04,27.58
2018-10-05,28.21
2018-10-06,27.79
2018-10-07,27.83
2018-10-08,28.08
2018-10-09,27.92
2018-10-10,29.0
2018-10-11,27.92
2018-10-12,27.88
2018-10-13,27.62
2018-10-14,27.83
2018-10-15,28.12
2018-10-16,28.42
2018-10-17,28.13
2018-10-18,27.96
2018-10-19,27.62
2018-10-20,26.96
2018-10-21,27.29
2018-10-22,26.54
2018-10-23,26.5
2018-10-24,26.25
2018-10-25,26.04
2018-10-26,27.04
2018-10-27,27.04
2018-10-28,23.17
2018-10-29,22.75
2018-10-30,23.67
2018-10-31,25.08
2018-11-01,25.92
2018-11-02,26.75
2018-11-03,24.0
2018-11-04,26.58
2018-11-05,26.38
2018-11-06,26.21
2018-11-07,26.62
2018-11-08,26.67
2018-11-09,26.46
2018-11-10,26.38
2018-11-11,25.04
2018-11-12,26.62
2018-11-13,26.62
2018-11-14,26.96
2018-11-15,26.58
2018-11-16,20.0
2018-11-17,21.17
2018-11-18,24.75
2018-11-19,25.5
2018-11-20,25.62
2018-11-21,24.5
2018-11-22,23.21
2018-11-23,23.14
2018-11-24,24.33
2018-11-25,25.0
2018-11-26,24.58
2018-11-27,21.71
2018-11-28,14.0
2018-11-29,15.54
2018-11-30,20.71
2018-12-01,24.62
2018-12-02,25.88
2018-12-03,26.87
2018-12-04,25.25
2018-12-05,21.5
2018-12-06,17.38
2018-12-07,21.33
2018-12-08,23.71
2018-12-09,24.96
2018-12-10,21.67
2018-12-11,15.42
2018-12-12,16.21
2018-12-13,22.71
2018-12-14,24.25
2018-12-15,24.38
2018-12-16,22.25
2018-12-17,18.75
2018-12-18,17.79
2018-12-19,21.04
2018-12-20,23.79
2018-12-21,20.12
2018-12-22,16.71
2018-12-23,17.33
2018-12-24,19.67
2018-12-25,20.29
2018-12-26,22.83
2018-12-27,24.21
2018-12-28,25.17
2018-12-29,25.33
2018-12-30,24.46
2018-12-31,24.29
2019-01-01,24.21
2019-01-02,24.38
2019-01-03,25.12
2019-01-04,24.75
2019-01-05,23.21
2019-01-06,18.62
2019-01-07,21.54
2019-01-08,21.83
2019-01-09,21.42
2019-01-10,16.21
2019-01-11,16.92
2019-01-12,22.5
2019-01-13,23.25
2019-01-14,20.67
2019-01-15,17.58
2019-01-16,16.17
2019-01-17,18.67
2019-01-18,20.54
2019-01-19,20.62
2019-01-20,21.0
2019-01-21,13.79
2019-01-22,20.71
2019-01-23,22.92
2019-01-24,24.21
2019-01-25,19.08
2019-01-26,15.12
2019-01-27,19.83
2019-01-28,13.83
2019-01-29,14.25
2019-01-30,17.0
2019-01-31,18.58
2019-02-01,21.54
2019-02-02,23.58
2019-02-03,23.54
2019-02-04,21.88
2019-02-05,21.67
2019-02-06,22.0
2019-02-07,22.08
2019-02-08,22.83
2019-02-09,21.58
2019-02-10,23.88
2019-02-11,23.54
2019-02-12,24.5
2019-02-13,20.42
2019-02-14,18.96
2019-02-15,21.83
2019-02-16,22.38
2019-02-17,23.79
2019-02-18,25.79
2019-02-19,25.67
2019-02-20,25.46
2019-02-21,25.46
2019-02-22,25.46
2019-02-23,26.17
2019-02-24,25.96
2019-02-25,24.71
2019-02-26,24.83
2019-02-27,24.33
2019-02-28,24.0
2019-03-01,23.92
2019-03-02,24.38
2019-03-03,25.21
2019-03-04,25.75
2019-03-05,24.83
2019-03-06,17.75
2019-03-07,17.62
2019-03-08,22.08
2019-03-09,24.42
2019-03-10,25.29
2019-03-11,25.08
2019-03-12,24.88
2019-03-13,24.75
2019-03-14,24.58
2019-03-15,24.79
2019-03-16,24.46
2019-03-17,24.21
2019-03-18,22.96
2019-03-19,20.58
2019-03-20,20.67
2019-03-21,21.25
2019-03-22,19.3
2019-03-23,20.08
2019-03-24,22.79
2019-03-25,23.71
2019-03-26,24.38
2019-03-27,21.83
2019-03-28,19.79
2019-03-29,21.67
2019-03-30,22.38
2019-03-31,23.54
2019-04-01,24.5
2019-04-02,25.08
2019-04-03,24.5
2019-04-04,22.67
2019-04-05,25.08
2019-04-06,25.46
2019-04-07,25.92
2019-04-08,26.21
2019-04-09,23.88
2019-04-10,24.46
2019-04-11,24.5
2019-04-12,25.62
2019-04-13,26.46
2019-04-14,27.33
2019-04-15,27.5
2019-04-16,25.25
2019-04-17,24.67
2019-04-18,26.04
2019-04-19,27.25
2019-04-20,22.92
2019-04-21,21.58
2019-04-22,23.46
2019-04-23,23.92
2019-04-24,23.79
2019-04-25,25.0
2019-04-26,26.79
2019-04-27,25.04
2019-04-28,25.75
2019-04-29,26.42
2019-04-30,26.58
2019-05-01,25.96
2019-05-02,25.46
2019-05-03,27.29
2019-05-04,27.75
2019-05-05,27.12
2019-05-06,25.7
2019-05-07,26.09
2019-05-08,27.71
2019-05-09,28.0
2019-05-10,27.67
2019-05-11,28.33
2019-05-12,27.88
2019-05-13,28.42
2019-05-14,28.71
2019-05-15,27.54
2019-05-16,26.75
2019-05-17,26.58
2019-05-18,27.04
2019-05-19,28.12
2019-05-20,27.29
2019-05-21,28.42
2019-05-22,28.08
2019-05-23,28.21
2019-05-24,27.25
2019-05-25,27.12
2019-05-26,27.96
2019-05-27,28.04
2019-05-28,27.29
2019-05-29,27.79
2019-05-30,28.33
2019-05-31,29.12
2019-06-01,29.29
2019-06-02,29.38
2019-06-03,30.0
2019-06-04,29.29
2019-06-05,29.46
2019-06-06,28.96
2019-06-07,27.88
2019-06-08,26.67
2019-06-09,26.38
2019-06-10,27.25
2019-06-11,29.0
2019-06-12,28.26
2019-06-13,28.25
2019-06-14,27.5
2019-06-15,27.21
2019-06-16,24.71
2019-06-17,26.33
2019-06-18,26.88
2019-06-19,27.7
2019-06-20,29.92
2019-06-21,30.21
2019-06-22,30.42
2019-06-23,30.62
2019-06-24,30.38
2019-06-25,30.75
2019-06-26,30.5
2019-06-27,29.17
2019-06-28,27.88
2019-06-29,27.46
2019-06-30,28.5
2019-07-01,29.71
2019-07-02,30.29
2019-07-03,29.88
2019-07-04,30.08
2019-07-05,30.29
2019-07-06,28.48
2019-07-07,28.58
2019-07-08,26.96
2019-07-09,27.96
2019-07-10,29.42
2019-07-11,29.04
2019-07-12,28.43
2019-07-13,30.21
2019-07-14,30.75
2019-07-15,30.42
2019-07-16,30.21
2019-07-17,30.29
2019-07-18,30.38
2019-07-19,30.0
2019-07-20,29.38
2019-07-21,29.62
2019-07-22,29.04
2019-07-23,28.04
2019-07-24,29.0
2019-07-25,27.04
2019-07-26,27.96
2019-07-27,28.29
2019-07-28,29.38
2019-07-29,29.75
2019-07-30,29.0
2019-07-31,30.0
2019-08-01,27.83
2019-08-02,27.79
2019-08-03,26.3
2019-08-04,27.67
2019-08-05,27.78
2019-08-06,28.04
2019-08-07,28.48
2019-08-08,28.33
2019-08-09,28.3
2019-08-10,29.25
2019-08-11,28.83
2019-08-12,28.46
2019-08-13,28.88
2019-08-14,27.48
2019-08-15,28.52
2019-08-16,28.33
2019-08-17,29.5
2019-08-18,30.38
2019-08-19,29.67
2019-08-20,28.62
2019-08-21,29.42
2019-08-22,28.54
2019-08-23,28.58
2019-08-24,28.17
2019-08-25,28.96
2019-08-26,28.33
2019-08-27,29.33
2019-08-28,30.0
2019-08-29,28.71
2019-08-30,28.46
2019-08-31,29.62
2019-09-01,27.58
2019-09-02,28.21
2019-09-03,28.79
2019-09-04,30.17
2019-09-05,30.29
2019-09-06,30.5
2019-09-07,30.29
2019-09-08,29.96
2019-09-09,30.46
2019-09-10,30.21
2019-09-11,30.0
2019-09-12,28.62
2019-09-13,28.54
2019-09-14,28.5
2019-09-15,29.21
2019-09-16,30.17
2019-09-17,29.88
2019-09-18,29.55
2019-09-19,28.21
2019-09-20,27.58
2019-09-21,27.88
2019-09-22,28.04
2019-09-23,28.29
2019-09-24,27.46
2019-09-25,27.17
2019-09-26,27.83
2019-09-27,28.62
2019-09-28,29.29
2019-09-29,28.79
2019-09-30,28.75
2019-10-01,28.33
2019-10-02,28.04
2019-10-03,27.75
2019-10-04,28.29
2019-10-05,28.71
2019-10-06,28.25
2019-10-07,26.71
2019-10-08,26.38
2019-10-09,27.38
2019-10-10,26.92
2019-10-11,24.96
2019-10-12,26.92
2019-10-13,27.96
2019-10-14,27.96
2019-10-15,27.62
2019-10-16,28.46
2019-10-17,28.54
2019-10-18,28.46
2019-10-19,28.54
2019-10-20,29.42
2019-10-21,28.62
2019-10-22,28.88
2019-10-23,28.92
2019-10-24,28.71
2019-10-25,28.67
2019-10-26,28.12
2019-10-27,28.46
2019-10-28,29.12
2019-10-29,28.88
2019-10-30,28.88
2019-10-31,28.62
2019-11-01,28.54
2019-11-02,28.21
2019-11-03,26.67
2019-11-04,26.58
2019-11-05,28.25
2019-11-06,27.79
2019-11-07,28.29
2019-11-08,27.17
2019-11-09,24.46
2019-11-10,24.5
2019-11-11,25.75
2019-11-12,26.0
2019-11-13,23.67
2019-11-14,24.46
2019-11-15,25.21
2019-11-16,22.0
2019-11-17,16.33
2019-11-18,17.83
2019-11-19,22.0
2019-11-20,21.17
2019-11-21,21.46
2019-11-22,23.67
2019-11-23,23.33
2019-11-24,24.38
2019-11-25,20.38
2019-11-26,21.38
2019-11-27,23.17
2019-11-28,22.33
2019-11-29,23.62
2019-11-30,23.12
2019-12-01,24.33
2019-12-02,24.17
2019-12-03,16.12
2019-12-04,18.25
2019-12-05,18.83
2019-12-06,20.0
2019-12-07,21.5
2019-12-08,23.04
2019-12-09,23.96
2019-12-10,25.79
2019-12-11,25.88
2019-12-12,24.21
2019-12-13,25.04
2019-12-14,24.83
2019-12-15,22.0
2019-12-16,25.29
2019-12-17,26.71
2019-12-18,24.46
2019-12-19,18.75
2019-12-20,22.25
2019-12-21,23.67
2019-12-22,24.08
2019-12-23,22.92
2019-12-24,19.79
2019-12-25,20.67
2019-12-26,24.25
2019-12-27,25.12
2019-12-28,24.92
2019-12-29,24.08
2019-12-30,25.08
2019-12-31,20.71
2020-01-01,21.12
2020-01-02,22.67
2020-01-03,25.5
2020-01-04,26.17
2020-01-05,19.08
2020-01-06,17.62
2020-01-07,20.83
2020-01-08,20.29
2020-01-09,23.58
2020-01-10,24.96
2020-01-11,25.5
2020-01-12,25.58
2020-01-13,25.25
2020-01-14,25.25
2020-01-15,24.04
2020-01-16,23.21
2020-01-17,23.54
2020-01-18,23.67
2020-01-19,23.62
2020-01-20,22.58
2020-01-21,16.08
2020-01-22,10.62
2020-01-23,16.92
2020-01-24,21.42
2020-01-25,22.38
2020-01-26,18.83
2020-01-27,20.0
2020-01-28,21.83
2020-01-29,21.79
2020-01-30,22.25
2020-01-31,21.88
2020-02-01,21.74
2020-02-02,16.64
2020-02-03,16.92
2020-02-04,20.71
2020-02-05,22.83
2020-02-06,25.29
2020-02-07,22.42
2020-02-08,18.92
2020-02-09,23.67
2020-02-10,24.83
2020-02-11,25.58
2020-02-12,25.75
2020-02-13,26.5
2020-02-14,25.71
2020-02-15,22.46
2020-02-16,24.58
2020-02-17,24.75
2020-02-18,25.79
2020-02-19,26.38
2020-02-20,26.21
2020-02-21,22.96
2020-02-22,18.5
2020-02-23,21.04
2020-02-24,23.04
2020-02-25,24.71
2020-02-26,26.12
2020-02-27,19.83
2020-02-28,15.42
2020-02-29,16.88
2020-03-01,17.71
2020-03-02,22.17
2020-03-03,23.83
2020-03-04,25.17
2020-03-05,27.17
2020-03-06,26.04
2020-03-07,20.17
2020-03-08,21.21
2020-03-09,22.83
2020-03-10,23.92
2020-03-11,23.54
2020-03-12,24.04
2020-03-13,24.29
2020-03-14,25.5
2020-03-15,25.38
2020-03-16,24.96
2020-03-17,25.17
2020-03-18,25.08
2020-03-19,25.62
2020-03-20,25.83
2020-03-21,25.83
2020-03-22,25.17
2020-03-23,25.38
2020-03-24,25.67
2020-03-25,26.08
2020-03-26,25.67
2020-03-27,25.96
2020-03-28,25.17
2020-03-29,26.12
2020-03-30,26.75
2020-03-31,27.12
2020-04-01,26.25
2020-04-02,23.38
2020-04-03,24.57
2020-04-04,25.0
2020-04-05,25.46
2020-04-06,25.92
2020-04-07,26.67
2020-04-08,27.62
2020-04-09,27.88
2020-04-10,28.33
2020-04-11,27.04
2020-04-12,27.46
2020-04-13,28.71
2020-04-14,28.52
2020-04-15,29.29
2020-04-16,28.5
2020-04-17,27.58
2020-04-18,28.12
2020-04-19,28.12
2020-04-20,30.04
2020-04-21,29.38
2020-04-22,26.62
2020-04-23,28.25
2020-04-24,29.96
2020-04-25,28.67
2020-04-26,25.83
2020-04-27,25.25
2020-04-28,24.71
2020-04-29,26.5
2020-04-30,26.26
2020-05-01,23.82
2020-05-02,24.46
2020-05-03,25.21
2020-05-04,25.75
2020-05-05,26.39
2020-05-06,27.38
2020-05-07,25.62
2020-05-08,24.5
2020-05-09,25.58
2020-05-10,24.71
2020-05-11,24.43
2020-05-12,26.0
2020-05-13,25.88
2020-05-14,25.21
2020-05-15,24.33
2020-05-16,22.12
2020-05-17,25.96
2020-05-18,25.79
2020-05-19,25.67
2020-05-20,27.87
2020-05-21,28.12
2020-05-22,27.96
2020-05-23,27.75
2020-05-24,22.92
2020-05-25,23.54
2020-05-26,23.57
2020-05-27,26.29
2020-05-28,28.12
2020-05-29,28.21
2020-05-30,28.54
2020-05-31,28.42
2020-06-01,28.71
2020-06-02,27.83
2020-06-03,25.5
2020-06-04,24.79
2020-06-05,27.96
2020-06-06,28.88
2020-06-07,29.33
2020-06-08,28.58
2020-06-09,29.21
2020-06-10,29.62
2020-06-11,28.42
2020-06-12,28.04
2020-06-13,28.42
2020-06-14,28.46
2020-06-15,27.33
2020-06-16,26.46
2020-06-17,26.71
2020-06-18,25.21
2020-06-19,28.7
2020-06-20,28.62
2020-06-21,29.12
2020-06-22,29.75
2020-06-23,30.33
2020-06-24,30.79
2020-06-25,31.17
2020-06-26,31.21
2020-06-27,30.83
2020-06-28,30.79
2020-06-29,31.04
2020-06-30,31.0
2020-07-01,30.79
2020-07-02,29.21
2020-07-03,30.08
2020-07-04,30.79
2020-07-05,30.29
2020-07-06,27.96
2020-07-07,29.79
2020-07-08,30.29
2020-07-09,29.88
2020-07-10,30.46
2020-07-11,28.17
2020-07-12,28.62
2020-07-13,29.38
2020-07-14,30.29
2020-07-15,29.96
2020-07-16,29.5
2020-07-17,29.33
2020-07-18,25.13
2020-07-19,30.12
2020-07-20,29.71
2020-07-21,28.0
2020-07-22,26.17
2020-07-23,28.35
2020-07-24,28.88
2020-07-25,29.04
2020-07-26,29.17
2020-07-27,29.75
2020-07-28,30.29
2020-07-29,30.67
2020-07-30,30.96
2020-07-31,31.38
2020-08-01,28.88
2020-08-02,24.5
2020-08-03,28.04
2020-08-04,27.91
2020-08-05,27.54
2020-08-06,26.92
2020-08-07,29.58
2020-08-08,30.17
2020-08-09,30.38
2020-08-10,30.33
2020-08-11,30.04
2020-08-12,29.71
2020-08-13,30.21
2020-08-14,30.17
2020-08-15,29.29
2020-08-16,29.83
2020-08-17,29.96
2020-08-18,29.75
2020-08-19,28.5
2020-08-20,28.62
2020-08-21,29.67
2020-08-22,30.46
2020-08-23,30.17
2020-08-24,30.12
2020-08-25,30.42
2020-08-26,30.0
2020-08-27,29.75
2020-08-28,30.12
2020-08-29,29.58
2020-08-30,29.75
2020-08-31,28.12
2020-09-01,29.33
2020-09-02,30.33
2020-09-03,30.92
2020-09-04,30.71
2020-09-05,30.5
2020-09-06,28.29
2020-09-07,26.71
2020-09-08,27.79
2020-09-09,26.83
2020-09-10,27.79
2020-09-11,28.83
2020-09-12,26.38
2020-09-13,25.08
2020-09-14,28.79
2020-09-15,29.22
2020-09-16,29.29
2020-09-17,29.08
2020-09-18,29.46
2020-09-19,29.71
2020-09-20,28.75
2020-09-21,25.17
2020-09-22,28.33
2020-09-23,27.83
2020-09-24,27.38
2020-09-25,25.42
2020-09-26,27.54
2020-09-27,27.42
2020-09-28,27.96
2020-09-29,29.0
2020-09-30,28.46
2020-10-01,27.46
2020-10-02,24.75
2020-10-03,25.71
2020-10-04,28.62
2020-10-05,29.54
2020-10-06,29.0
2020-10-07,29.08
2020-10-08,28.96
2020-10-09,28.75
2020-10-10,28.38
2020-10-11,28.58
2020-10-12,28.79
2020-10-13,27.5
2020-10-14,27.88
2020-10-15,27.62
2020-10-16,26.0
2020-10-17,26.71
2020-10-18,27.96
2020-10-19,26.96
2020-10-20,26.75
2020-10-21,23.46
2020-10-22,24.88
2020-10-23,27.58
2020-10-24,27.04
2020-10-25,25.08
2020-10-26,27.33
2020-10-27,28.71
2020-10-28,28.59
2020-10-29,28.5
2020-10-30,27.96
2020-10-31,26.88
2020-11-01,27.5
2020-11-02,25.75
2020-11-03,24.08
2020-11-04,25.0
2020-11-05,25.67
2020-11-06,26.46
2020-11-07,26.38
2020-11-08,24.54
2020-11-09,21.78
2020-11-10,26.58
2020-11-11,26.79
2020-11-12,24.29
2020-11-13,25.13
2020-11-14,26.33
2020-11-15,26.62
2020-11-16,25.92
2020-11-17,25.38
2020-11-18,23.71
2020-11-19,24.21
2020-11-20,23.83
2020-11-21,24.75
2020-11-22,23.79
2020-11-23,23.92
2020-11-24,23.5
2020-11-25,24.54
2020-11-26,24.75
2020-11-27,24.0
2020-11-28,23.62
2020-11-29,23.83
2020-11-30,23.92
2020-12-01,18.29
2020-12-02,16.54
2020-12-03,19.54
2020-12-04,22.54
2020-12-05,23.88
2020-12-06,22.5
2020-12-07,22.39
2020-12-08,16.39
2020-12-09,14.12
2020-12-10,15.21
2020-12-11,19.92
2020-12-12,22.62
2020-12-13,23.46
2020-12-14,24.21
2020-12-15,24.12
2020-12-16,24.17
2020-12-17,23.54
2020-12-18,17.92
2020-12-19,18.58
2020-12-20,22.21
2020-12-21,23.29
2020-12-22,19.96
2020-12-23,20.58
2020-12-24,24.88
2020-12-25,16.58
2020-12-26,12.04
2020-12-27,16.38
2020-12-28,20.12
2020-12-29,21.79
2020-12-30,23.54
2020-12-31,24.33
2021-01-01,24.83
2021-01-02,24.88
2021-01-03,24.12
2021-01-04,21.96
2021-01-05,18.67
2021-01-06,17.04
2021-01-07,19.0
2021-01-08,21.75
2021-01-09,17.04
2021-01-10,14.79
2021-01-11,20.88
2021-01-12,21.79
2021-01-13,20.04
2021-01-14,29.67
2021-01-15,20.46
2021-01-16,20.04
2021-01-17,16.42
2021-01-18,18.79
2021-01-19,18.88
2021-01-20,19.62
2021-01-21,19.62
2021-01-22,20.0
2021-01-23,20.88
2021-01-24,21.29
2021-01-25,23.0
2021-01-26,23.52
2021-01-27,24.17
2021-01-28,22.26
2021-01-29,16.96
2021-01-30,19.38
2021-01-31,22.21
2021-02-01,21.04
2021-02-02,14.5
2021-02-03,13.88
2021-02-04,15.42
2021-02-05,19.42
2021-02-06,23.0
2021-02-07,25.21
2021-02-08,25.21
2021-02-09,24.33
2021-02-10,24.38
2021-02-11,24.5
2021-02-12,24.42
2021-02-13,25.42
2021-02-14,26.17
2021-02-15,26.21
2021-02-16,25.62
2021-02-17,24.88
2021-02-18,25.96
2021-02-19,26.08
2021-02-20,20.58
2021-02-21,21.08
2021-02-22,23.5
2021-02-23,24.29
2021-02-24,23.62
2021-02-25,24.21
2021-02-26,24.92
2021-02-27,25.5
2021-02-28,25.88
2021-03-01,25.83
2021-03-02,25.08
2021-03-03,24.79
2021-03-04,19.67
2021-03-05,20.92
2021-03-06,21.88
2021-03-07,20.21
2021-03-08,18.17
2021-03-09,21.67
2021-03-10,21.88
2021-03-11,22.88
2021-03-12,23.17
2021-03-13,23.71
2021-03-14,23.12
2021-03-15,23.38
2021-03-16,24.29
2021-03-17,24.92
2021-03-18,25.54
2021-03-19,24.33
2021-03-20,20.43
2021-03-21,20.25
2021-03-22,19.46
2021-03-23,20.92
2021-03-24,22.71
2021-03-25,25.83
2021-03-26,26.17
2021-03-27,25.88
2021-03-28,26.46
2021-03-29,26.42
2021-03-30,26.77
2021-03-31,27.04
2021-04-01,25.96
2021-04-02,21.12
2021-04-03,20.74
2021-04-04,21.71
2021-04-05,21.58
2021-04-06,21.46
2021-04-07,22.17
2021-04-08,22.65
2021-04-09,23.62
2021-04-10,24.96
2021-04-11,24.92
2021-04-12,23.62
2021-04-13,25.62
2021-04-14,25.0
2021-04-15,24.58
2021-04-16,25.62
2021-04-17,26.92
2021-04-18,26.92
2021-04-19,28.58
2021-04-20,25.79
2021-04-21,26.96
2021-04-22,25.54
2021-04-23,25.62
2021-04-24,26.67
2021-04-25,28.46
2021-04-26,26.5
2021-04-27,25.58
2021-04-28,25.92
2021-04-29,27.21
2021-04-30,27.46
2021-05-01,27.38
2021-05-02,27.58
2021-05-03,28.17
2021-05-04,28.33
2021-05-05,28.42
2021-05-06,28.33
2021-05-07,27.04
2021-05-08,25.96
2021-05-09,26.75
2021-05-10,27.5
2021-05-11,28.29
2021-05-12,28.42
2021-05-13,27.79
2021-05-14,26.08
2021-05-15,26.29
2021-05-16,26.25
2021-05-17,26.0
2021-05-18,26.83
2021-05-19,26.83
2021-05-20,26.71
2021-05-21,26.17
2021-05-22,26.08
2021-05-23,26.08
2021-05-24,25.67
2021-05-25,26.33
2021-05-26,26.58
2021-05-27,26.67
2021-05-28,27.08
2021-05-29,27.08
2021-05-30,27.58
2021-05-31,27.75
2021-06-01,27.12
2021-06-02,26.83
2021-06-03,26.75
2021-06-04,27.58
2021-06-05,28.21
2021-06-06,28.62
2021-06-07,28.58
2021-06-08,28.42
2021-06-09,28.5
2021-06-10,28.62
2021-06-11,28.96
2021-06-12,28.67
2021-06-13,29.46
2021-06-14,26.96
2021-06-15,26.0
2021-06-16,26.17
2021-06-17,26.71
2021-06-18,28.71
2021-06-19,29.29
2021-06-20,28.21
2021-06-21,29.38
2021-06-22,30.29
2021-06-23,28.08
2021-06-24,27.12
2021-06-25,27.33
2021-06-26,28.21
2021-06-27,28.17
2021-06-28,25.58
2021-06-29,27.09
2021-06-30,25.38
2021-07-01,25.62
2021-07-02,27.39
2021-07-03,28.57
2021-07-04,29.32
2021-07-05,27.17
2021-07-06,25.78
2021-07-07,28.86
2021-07-08,28.58
2021-07-09,28.71
2021-07-10,27.88
2021-07-11,28.17
2021-07-12,27.42
2021-07-13,26.96
2021-07-14,27.46
2021-07-15,28.96
2021-07-16,28.71
2021-07-17,27.12
2021-07-18,29.33
2021-07-19,29.25
2021-07-20,28.43
2021-07-21,29.22
2021-07-22,30.0
2021-07-23,29.38
2021-07-24,28.29
2021-07-25,28.38
2021-07-26,29.12
2021-07-27,29.0
2021-07-28,29.12
2021-07-29,27.88
2021-07-30,28.71
2021-07-31,30.0
2021-08-01,30.0
2021-08-02,29.04
2021-08-03,28.87
2021-08-04,26.58
2021-08-05,29.04
2021-08-06,30.17
2021-08-07,28.88
2021-08-08,28.62
2021-08-09,30.17
2021-08-10,30.04
2021-08-11,29.96
2021-08-12,29.54
2021-08-13,28.0
2021-08-14,28.46
2021-08-15,27.58
2021-08-16,29.21
2021-08-17,29.79
2021-08-18,30.29
2021-08-19,29.79
2021-08-20,29.54
2021-08-21,29.71
2021-08-22,30.25
2021-08-23,30.25
2021-08-24,30.38
2021-08-25,29.12
2021-08-26,28.58
2021-08-27,29.67
2021-08-28,29.92
2021-08-29,29.71
2021-08-30,28.88
2021-08-31,27.58
2021-09-01,28.5
2021-09-02,27.46
2021-09-03,25.71
2021-09-04,26.88
2021-09-05,27.33
2021-09-06,27.79
2021-09-07,27.48
2021-09-08,27.83
2021-09-09,28.71
2021-09-10,29.17
2021-09-11,28.83
2021-09-12,29.29
2021-09-13,27.67
2021-09-14,28.38
2021-09-15,27.5
2021-09-16,27.46
2021-09-17,27.33
2021-09-18,27.33
2021-09-19,27.88
2021-09-20,27.79
2021-09-21,28.12
2021-09-22,26.62
2021-09-23,26.54
2021-09-24,26.39
2021-09-25,27.04
2021-09-26,27.58
2021-09-27,27.71
2021-09-28,27.79
2021-09-29,27.17
2021-09-30,27.62
2021-10-01,26.21
2021-10-02,27.29
2021-10-03,27.96
2021-10-04,27.08
2021-10-05,27.92
2021-10-06,28.33
2021-10-07,29.25
2021-10-08,28.62
2021-10-09,26.21
2021-10-10,26.08
2021-10-11,25.75
2021-10-12,26.67
2021-10-13,27.25
2021-10-14,28.0
2021-10-15,27.54
2021-10-16,27.79
2021-10-17,27.46
2021-10-18,26.62
2021-10-19,26.0
2021-10-20,26.92
2021-10-21,27.5
2021-10-22,26.04
2021-10-23,26.25
2021-10-24,27.46
2021-10-25,28.17
2021-10-26,28.0
2021-10-27,27.54
2021-10-28,27.88
2021-10-29,27.0
2021-10-30,25.29
2021-10-31,24.33
2021-11-01,24.46
2021-11-02,23.42
2021-11-03,25.21
2021-11-04,26.17
2021-11-05,24.04
2021-11-06,22.96
2021-11-07,19.29
2021-11-08,20.04
2021-11-09,20.88
2021-11-10,23.42
2021-11-11,25.17
2021-11-12,25.29
2021-11-13,25.17
2021-11-14,22.38
2021-11-15,20.12
2021-11-16,21.54
2021-11-17,24.75
2021-11-18,25.17
2021-11-19,23.96
2021-11-20,24.62
2021-11-21,23.38
2021-11-22,21.75
2021-11-23,20.33
2021-11-24,18.88
2021-11-25,22.08
2021-11-26,22.42
2021-11-27,21.33
2021-11-28,20.21
2021-11-29,19.83
2021-11-30,20.08
2021-12-01,21.58
2021-12-02,22.12
2021-12-03,21.92
2021-12-04,22.29
2021-12-05,23.25
2021-12-06,24.71
2021-12-07,24.33
2021-12-08,24.04
2021-12-09,24.71
2021-12-10,25.04
2021-12-11,25.12
2021-12-12,25.25
2021-12-13,25.38
2021-12-14,24.88
2021-12-15,24.46
2021-12-16,25.42
2021-12-17,24.67
2021-12-18,25.5
2021-12-19,25.5
2021-12-20,24.46
2021-12-21,23.5
2021-12-22,19.67
2021-12-23,18.17
2021-12-24,20.17
2021-12-25,21.33
2021-12-26,22.67
2021-12-27,22.83
2021-12-28,22.71
2021-12-29,23.79
2021-12-30,24.42
2021-12-31,24.12
2022-01-01,24.29
2022-01-02,24.46
2022-01-03,22.64
2022-01-04,20.5
2022-01-05,22.17
2022-01-06,21.29
2022-01-07,23.92
2022-01-08,24.0
2022-01-09,22.91
2022-01-10,23.97
2022-01-11,21.52
2022-01-12,20.44
2022-01-13,21.21
2022-01-14,18.21
2022-01-15,17.8
2022-01-16,20.13
2022-01-17,19.25
2022-01-18,16.5
2022-01-19,18.12
2022-01-20,21.33
2022-01-21,20.71
2022-01-22,21.1
2022-01-23,16.48
2022-01-24,11.7
2022-01-25,16.17
2022-01-26,23.48
2022-01-27,22.0
2022-01-28,16.36
2022-01-29,15.36
2022-01-30,10.58
2022-01-31,14.5
2022-02-01,18.75
2022-02-02,22.38
2022-02-03,23.46
2022-02-04,24.04
2022-02-05,23.17
2022-02-06,22.54
2022-02-07,18.03
2022-02-08,19.51
2022-02-09,17.97
2022-02-10,19.42
2022-02-11,22.04
2022-02-12,23.46
2022-02-13,21.09
2022-02-14,17.46
2022-02-15,18.92
2022-02-16,23.12
2022-02-17,24.21
2022-02-18,25.21
2022-02-19,24.0
2022-02-20,22.89
2022-02-21,23.68
2022-02-22,24.67
2022-02-23,24.81
2022-02-24,24.77
2022-02-25,24.54
2022-02-26,24.67
2022-02-27,24.92
2022-02-28,24.0
2022-03-01,22.25
2022-03-02,22.37
2022-03-03,23.83
2022-03-04,24.17
2022-03-05,24.62
2022-03-06,24.8
2022-03-07,25.41
2022-03-08,25.6
2022-03-09,25.71
2022-03-10,26.03
2022-03-11,25.74
2022-03-12,25.34
2022-03-13,17.33
2022-03-14,21.44
2022-03-15,21.98
2022-03-16,25.26
2022-03-17,25.37
2022-03-18,25.12
2022-03-19,26.0
2022-03-20,25.87
2022-03-21,24.17
2022-03-22,24.38
2022-03-23,26.54
2022-03-24,27.46
2022-03-25,22.61
2022-03-26,21.48
2022-03-27,21.87
2022-03-28,22.58
2022-03-29,23.71
2022-03-30,24.96
2022-03-31,26.38
2022-04-01,27.42
2022-04-02,27.08
2022-04-03,25.0
2022-04-04,25.69
2022-04-05,27.0
2022-04-06,28.07
2022-04-07,28.48
2022-04-08,25.08
2022-04-09,22.08
2022-04-10,19.65
2022-04-11,22.88
2022-04-12,24.71
2022-04-13,25.46
2022-04-14,26.62
2022-04-15,23.27
2022-04-16,25.5
2022-04-17,26.77
2022-04-18,26.93
2022-04-19,26.17
2022-04-20,25.5
2022-04-21,24.96
2022-04-22,25.22
2022-04-23,25.58
2022-04-24,25.88
2022-04-25,26.0
2022-04-26,26.08
2022-04-27,25.5
2022-04-28,25.65
2022-04-29,25.03
2022-04-30,23.59
2022-05-01,25.33
2022-05-02,26.46
2022-05-03,26.68
2022-05-04,27.0
2022-05-05,26.4
2022-05-06,28.58
2022-05-07,29.08
2022-05-08,27.52
2022-05-09,26.76
2022-05-10,25.83
2022-05-11,24.2
2022-05-12,24.21
2022-05-13,24.8
2022-05-14,26.84
2022-05-15,27.04
2022-05-16,25.07
2022-05-17,26.54
2022-05-18,27.96
2022-05-19,28.25
2022-05-20,26.0
2022-05-21,28.85
2022-05-22,28.79
2022-05-23,28.56
2022-05-24,28.17
2022-05-25,28.41
2022-05-26,27.92
2022-05-27,28.33
2022-05-28,28.14
2022-05-29,24.41
2022-05-30,24.42
2022-05-31,26.42
2022-06-01,23.24
2022-06-02,25.5
2022-06-03,22.72
2022-06-04,19.73
2022-06-05,26.07
2022-06-06,27.77
2022-06-07,25.57
2022-06-08,26.83
2022-06-09,25.63
2022-06-10,26.09
2022-06-11,25.77
2022-06-12,26.71
2022-06-13,29.33
2022-06-14,29.24
2022-06-15,29.21
2022-06-16,29.14
2022-06-17,28.3
2022-06-18,28.83
2022-06-19,26.48
2022-06-20,28.03
2022-06-21,28.0
2022-06-22,27.21
2022-06-23,27.92
2022-06-24,28.79
2022-06-25,26.71
2022-06-26,28.08
2022-06-27,29.22
2022-06-28,28.79
2022-06-29,28.6
2022-06-30,29.36
2022-07-01,29.4
2022-07-02,29.62
2022-07-03,29.62
2022-07-04,29.58
2022-07-05,29.9
2022-07-06,28.8
2022-07-07,29.17
2022-07-08,29.6
2022-07-09,29.79
2022-07-10,29.97
2022-07-11,30.17
2022-07-12,29.96
2022-07-13,30.16
2022-07-14,28.93
2022-07-15,26.44
2022-07-16,27.23
2022-07-17,28.13
2022-07-18,29.54
2022-07-19,29.3
2022-07-20,29.46
2022-07-21,29.75
2022-07-22,29.14
2022-07-23,29.23
2022-07-24,29.67
2022-07-25,29.23
2022-07-26,25.84
2022-07-27,26.59
2022-07-28,29.38
2022-07-29,29.71
2022-07-30,29.15
2022-07-31,29.58
2022-08-01,29.65
2022-08-02,29.65
2022-08-03,29.14
2022-08-04,29.29
2022-08-05,27.71
2022-08-06,29.42
2022-08-07,28.25
2022-08-08,27.44
2022-08-09,29.36
2022-08-10,29.71
2022-08-11,29.58
2022-08-12,29.79
2022-08-13,29.69
2022-08-14,28.13
2022-08-15,27.47
2022-08-16,27.41
2022-08-17,30.13
2022-08-18,30.89
2022-08-19,30.92
2022-08-20,31.07
2022-08-21,30.96
2022-08-22,30.15
2022-08-23,30.57
2022-08-24,30.56
2022-08-25,30.71
2022-08-26,31.19
2022-08-27,30.04
2022-08-28,28.0
2022-08-29,27.93
2022-08-30,30.29
2022-08-31,27.89
2022-09-01,29.37
2022-09-02,29.9
2022-09-03,30.25
2022-09-04,30.42
2022-09-05,30.15
2022-09-06,30.46
2022-09-07,28.5
2022-09-08,28.3
2022-09-09,27.23
2022-09-10,30.68
2022-09-11,30.31
2022-09-12,29.68
2022-09-13,29.7
2022-09-14,24.2
2022-09-15,26.33
2022-09-16,24.85
2022-09-17,28.25
2022-09-18,26.35
2022-09-19,28.07
2022-09-20,28.92
2022-09-21,29.04
2022-09-22,28.44
2022-09-23,30.0
2022-09-24,28.74
2022-09-25,28.54
2022-09-26,26.48
2022-09-27,22.16
2022-09-28,28.11
2022-09-29,27.24
2022-09-30,24.62
2022-10-01,26.62
2022-10-02,27.33
2022-10-03,27.21
2022-10-04,27.25
2022-10-05,26.25
2022-10-06,26.58
2022-10-07,26.96
2022-10-08,26.27
2022-10-09,22.97
2022-10-10,28.04
2022-10-11,29.24
2022-10-12,29.08
2022-10-13,26.67
2022-10-14,26.55
2022-10-15,27.84
2022-10-16,28.2
2022-10-17,28.04
2022-10-18,26.5
2022-10-19,21.82
2022-10-20,21.28
2022-10-21,23.07
2022-10-22,24.42
2022-10-23,25.46
2022-10-24,25.71
2022-10-25,26.33
2022-10-26,25.58
2022-10-27,26.21
2022-10-28,26.58
2022-10-29,27.04
2022-10-30,27.62
2022-10-31,27.62
2022-11-01,28.44
2022-11-02,28.92
2022-11-03,26.75
2022-11-04,26.33
2022-11-05,26.5
2022-11-06,26.35
2022-11-07,26.71
2022-11-08,25.12
2022-11-09,19.95
2022-11-10,23.59
2022-11-11,26.04
2022-11-12,25.65
2022-11-13,24.92
2022-11-14,25.71
2022-11-15,26.46
2022-11-16,25.83
2022-11-17,24.07
2022-11-18,22.54
2022-11-19,23.88
2022-11-20,18.91
2022-11-21,22.53
2022-11-22,24.94
2022-11-23,17.17
2022-11-24,26.19
2022-11-25,27.67
2022-11-26,26.75
2022-11-27,27.33
2022-11-28,26.28
2022-11-29,25.96
2022-11-30,27.07
2022-12-01,24.37
2022-12-02,25.58
2022-12-03,25.67
2022-12-04,24.25
2022-12-05,23.96
2022-12-06,24.85
2022-12-07,24.42
2022-12-08,24.04
2022-12-09,23.72
2022-12-10,23.92
2022-12-11,23.0
2022-12-12,19.71
2022-12-13,22.58
2022-12-14,23.8
2022-12-15,25.46
2022-12-16,24.07
2022-12-17,22.34
2022-12-18,23.5
2022-12-19,21.38
2022-12-20,23.28
2022-12-21,23.48
2022-12-22,24.67
2022-12-23,23.84
2022-12-24,13.04
2022-12-25,9.12
2022-12-26,10.62
2022-12-27,15.72
2022-12-28,19.25
2022-12-29,23.19
2022-12-30,24.86
2022-12-31,24.81
2023-01-01,24.58
2023-01-02,24.46
2023-01-03,25.11
2023-01-04,25.22
2023-01-05,24.92
2023-01-06,22.85
2023-01-07,20.88
2023-01-08,22.08
2023-01-09,22.33
2023-01-10,21.79
2023-01-11,19.62
2023-01-12,21.33
2023-01-13,20.88
2023-01-14,13.62
2023-01-15,11.88
2023-01-16,14.88
2023-01-17,18.3
2023-01-18,20.71
2023-01-19,23.57
2023-01-20,23.83
2023-01-21,23.92
2023-01-22,25.12
2023-01-23,24.67
2023-01-24,23.65
2023-01-25,25.22
2023-01-26,24.08
2023-01-27,19.83
2023-01-28,21.48
2023-01-29,24.96
2023-01-30,25.33
2023-01-31,25.04
2023-02-01,24.79
2023-02-02,24.71
2023-02-03,25.08
2023-02-04,21.21
2023-02-05,21.44
2023-02-06,23.25
2023-02-07,23.62
2023-02-08,23.96
2023-02-09,25.04
2023-02-10,25.08
2023-02-11,25.44
2023-02-12,22.15
2023-02-13,18.88
2023-02-14,19.5
2023-02-15,23.67
2023-02-16,24.88
2023-02-17,25.03
2023-02-18,23.69
2023-02-19,24.92
2023-02-20,25.21
2023-02-21,25.0
2023-02-22,24.7
2023-02-23,25.92
2023-02-24,25.46
2023-02-25,25.12
2023-02-26,24.83
2023-02-27,24.5
2023-02-28,24.83
2023-03-01,23.88
2023-03-02,24.83
2023-03-03,26.33
2023-03-04,27.08
2023-03-05,26.0
2023-03-06,26.46
2023-03-07,26.21
2023-03-08,26.58
2023-03-09,24.83
2023-03-10,23.79
2023-03-11,24.75
2023-03-12,24.96
2023-03-13,26.17
2023-03-14,24.88
2023-03-15,21.33
2023-03-16,20.42
2023-03-17,23.0
2023-03-18,24.84
2023-03-19,23.96
2023-03-20,18.53
2023-03-21,21.12
2023-03-22,23.46
2023-03-23,24.79
2023-03-24,24.92
2023-03-25,25.78
2023-03-26,26.33
2023-03-27,26.42
2023-03-28,26.85
2023-03-29,25.48
2023-03-30,23.45
2023-03-31,24.96
2023-04-01,25.69
2023-04-02,25.64
2023-04-03,26.36
2023-04-04,27.0
2023-04-05,27.12
2023-04-06,27.3
2023-04-07,26.75
2023-04-08,26.62
2023-04-09,25.44
2023-04-10,20.84
2023-04-11,21.3
2023-04-12,19.04
2023-04-13,25.11
2023-04-14,26.36
2023-04-15,27.42
2023-04-16,27.72
2023-04-17,24.31
2023-04-18,24.35
2023-04-19,24.38
2023-04-20,25.62
2023-04-21,25.33
2023-04-22,26.15
2023-04-23,25.85
2023-04-24,25.71
2023-04-25,25.54
2023-04-26,26.5
2023-04-27,26.64
2023-04-28,27.69
2023-04-29,29.04
2023-04-30,27.26
2023-05-01,24.83
2023-05-02,26.04
2023-05-03,26.08
2023-05-04,25.67
2023-05-05,26.54
2023-05-06,27.17
2023-05-07,26.07
2023-05-08,25.96
2023-05-09,26.96
2023-05-10,28.0
2023-05-11,27.69
2023-05-12,28.08
2023-05-13,27.73
2023-05-14,27.58
2023-05-15,26.48
2023-05-16,27.32
2023-05-17,27.24
2023-05-18,27.04
2023-05-19,27.55
2023-05-20,28.12
2023-05-21,27.96
2023-05-22,28.19
2023-05-23,27.43
2023-05-24,25.97
2023-05-25,25.0
2023-05-26,25.81
2023-05-27,25.92
2023-05-28,28.5
2023-05-29,27.52
2023-05-30,27.9
2023-05-31,25.76
2023-06-01,27.08
2023-06-02,26.87
2023-06-03,26.85
2023-06-04,26.53
2023-06-05,25.28
2023-06-06,25.83
2023-06-07,27.48
2023-06-08,25.67
2023-06-09,28.31
2023-06-10,28.83
2023-06-11,28.85
2023-06-12,28.15
2023-06-13,28.81
2023-06-14,29.83
2023-06-15,30.42
2023-06-16,30.76
2023-06-17,29.52
2023-06-18,28.0
2023-06-19,25.38
2023-06-20,27.83
2023-06-21,27.37
2023-06-22,28.83
2023-06-23,29.96
2023-06-24,29.2
2023-06-25,25.63
2023-06-26,28.04
2023-06-27,29.3
2023-06-28,29.46
2023-06-29,29.67
2023-06-30,29.11
2023-07-01,29.1
2023-07-02,25.82
2023-07-03,28.64
2023-07-04,29.85
2023-07-05,30.33
2023-07-06,30.08
2023-07-07,30.24
2023-07-08,30.4
2023-07-09,28.36
2023-07-10,30.25
2023-07-11,30.79
2023-07-12,30.72
2023-07-13,31.29
2023-07-14,29.95
2023-07-15,28.86
2023-07-16,28.48
2023-07-17,28.25
2023-07-18,27.57
2023-07-19,28.65
2023-07-20,30.76
2023-07-21,30.68
2023-07-22,30.87
2023-07-23,32.12
2023-07-24,31.84
2023-07-25,31.42
2023-07-26,28.62
2023-07-27,27.11
2023-07-28,28.21
2023-07-29,30.2
2023-07-30,30.12
2023-07-31,31.04
2023-08-01,29.2
2023-08-02,29.35
2023-08-03,27.6
2023-08-04,27.89
2023-08-05,30.03
2023-08-06,30.71
2023-08-07,31.21
2023-08-08,31.48
2023-08-09,30.79
2023-08-10,30.59
2023-08-11,28.39
2023-08-12,30.96
2023-08-13,30.29
2023-08-14,31.44
2023-08-15,30.37
2023-08-16,28.96
2023-08-17,24.84
2023-08-18,25.62
2023-08-19,28.71
2023-08-20,27.88
2023-08-21,29.88
2023-08-22,30.75
2023-08-23,30.15
2023-08-24,30.4
2023-08-25,29.38
2023-08-26,29.92
2023-08-27,29.58
2023-08-28,30.03
2023-08-29,27.35
2023-08-30,30.58
2023-08-31,30.5
2023-09-01,29.04
2023-09-02,27.74
2023-09-03,29.04
2023-09-04,30.08
2023-09-05,29.83
2023-09-06,29.42
2023-09-07,29.21
2023-09-08,29.12
2023-09-09,28.37
2023-09-10,27.76
2023-09-11,29.42
2023-09-12,30.38
2023-09-13,30.5
2023-09-14,29.73
2023-09-15,24.91
2023-09-16,26.6
2023-09-17,26.78
2023-09-18,28.76
2023-09-19,28.34
2023-09-20,26.42
2023-09-21,27.97
2023-09-22,27.83
2023-09-23,27.07
2023-09-24,28.23
2023-09-25,26.13
2023-09-26,29.54
2023-09-27,26.93
2023-09-28,27.63
2023-09-29,29.24
2023-09-30,29.0
2023-10-01,28.28
2023-10-02,26.92
2023-10-03,28.46
2023-10-04,28.83
2023-10-05,29.04
2023-10-06,28.88
2023-10-07,29.35
2023-10-08,27.26
2023-10-09,27.59
2023-10-10,28.36
2023-10-11,25.77
2023-10-12,30.62
2023-10-13,30.67
2023-10-14,26.19
2023-10-15,28.42
2023-10-16,24.5
2023-10-17,21.33
2023-10-18,23.08
2023-10-19,25.54
2023-10-20,26.5
2023-10-21,25.79
2023-10-22,26.33
2023-10-23,26.29
2023-10-24,27.25
2023-10-25,27.0
2023-10-26,27.12
2023-10-27,27.54
2023-10-28,27.5
2023-10-29,27.62
2023-10-30,28.0
2023-10-31,28.29
2023-11-01,26.88
2023-11-02,24.31
2023-11-03,25.92
2023-11-04,25.29
2023-11-05,24.53
2023-11-06,24.58
2023-11-07,25.96
2023-11-08,25.83
2023-11-09,26.5
2023-11-10,27.88
2023-11-11,28.79
2023-11-12,27.88
2023-11-13,27.24
2023-11-14,25.66
2023-11-15,23.63
2023-11-16,20.47
2023-11-17,24.53
2023-11-18,23.86
2023-11-19,24.33
2023-11-20,25.33
2023-11-21,26.33
2023-11-22,26.33
2023-11-23,25.29
2023-11-24,23.59
2023-11-25,24.59
2023-11-26,26.46
2023-11-27,24.72
2023-11-28,20.96
2023-11-29,19.38
2023-11-30,22.29
2023-12-01,25.2
2023-12-02,27.04
2023-12-03,27.32
2023-12-04,26.04
2023-12-05,24.96
2023-12-06,19.33
2023-12-07,18.12
2023-12-08,22.54
2023-12-09,24.75
2023-12-10,25.25
2023-12-11,21.38
2023-12-12,19.17
2023-12-13,22.48
2023-12-14,22.4
2023-12-15,22.17
2023-12-16,22.18
2023-12-17,21.78
2023-12-18,19.29
2023-12-19,17.25
2023-12-20,18.25
2023-12-21,21.92
2023-12-22,21.29
2023-12-23,21.76
2023-12-24,22.83
2023-12-25,23.29
2023-12-26,23.15
2023-12-27,21.27
2023-12-28,18.38
2023-12-29,18.21
2023-12-30,16.83
2023-12-31,16.54
